Chain_ID,Chain_Name,Step_Number,Total_Steps_In_Chain,Disease_At_This_Step,Next_Disease_In_Progression,Avg_Years_To_Next_Disease,Cumulative_Years_From_Chain_Start,Biological_Mechanism,Evidence_Source,Key_Risk_Factors,Is_First_Disease,Is_Last_Disease
CHAIN_001,Obesity → Diabetes → Hypertension → Stroke,1,4,Obesity,Type 2 Diabetes,3,0.0,"Insulin resistance from obesity drives T2DM; chronic hyperglycemia and dyslipidemia damage vessels causing hypertension, then cerebrovascular event",Denmark 6.2M patient study; PubMed PMID:35306857,"Age>40, BMI>30, sedentary lifestyle",Yes,No
CHAIN_001,Obesity → Diabetes → Hypertension → Stroke,2,4,Type 2 Diabetes,Hypertension,4,3.0,"Insulin resistance from obesity drives T2DM; chronic hyperglycemia and dyslipidemia damage vessels causing hypertension, then cerebrovascular event",Denmark 6.2M patient study; PubMed PMID:35306857,"Age>40, BMI>30, sedentary lifestyle",No,No
CHAIN_001,Obesity → Diabetes → Hypertension → Stroke,3,4,Hypertension,Stroke,5,7.0,"Insulin resistance from obesity drives T2DM; chronic hyperglycemia and dyslipidemia damage vessels causing hypertension, then cerebrovascular event",Denmark 6.2M patient study; PubMed PMID:35306857,"Age>40, BMI>30, sedentary lifestyle",No,No
CHAIN_001,Obesity → Diabetes → Hypertension → Stroke,4,4,Stroke,End of trajectory,—,12.0,"Insulin resistance from obesity drives T2DM; chronic hyperglycemia and dyslipidemia damage vessels causing hypertension, then cerebrovascular event",Denmark 6.2M patient study; PubMed PMID:35306857,"Age>40, BMI>30, sedentary lifestyle",No,Yes
CHAIN_002,Obesity → Type 2 Diabetes → Diabetic Kidney Disease → Chronic Kidney Disease → Kidney Failure,1,5,Obesity,Type 2 Diabetes,3,0.0,Hyperglycemia → glomerular hyperfiltration → proteinuria → CKD → ESRD. Seen in 40% of T2DM patients over 20 years,Nature Communications 2014; WHO chronic kidney disease trajectory,"Poor glycemic control, hypertension, family history",Yes,No
CHAIN_002,Obesity → Type 2 Diabetes → Diabetic Kidney Disease → Chronic Kidney Disease → Kidney Failure,2,5,Type 2 Diabetes,Diabetic Kidney Disease,5,3.0,Hyperglycemia → glomerular hyperfiltration → proteinuria → CKD → ESRD. Seen in 40% of T2DM patients over 20 years,Nature Communications 2014; WHO chronic kidney disease trajectory,"Poor glycemic control, hypertension, family history",No,No
CHAIN_002,Obesity → Type 2 Diabetes → Diabetic Kidney Disease → Chronic Kidney Disease → Kidney Failure,3,5,Diabetic Kidney Disease,Chronic Kidney Disease,4,8.0,Hyperglycemia → glomerular hyperfiltration → proteinuria → CKD → ESRD. Seen in 40% of T2DM patients over 20 years,Nature Communications 2014; WHO chronic kidney disease trajectory,"Poor glycemic control, hypertension, family history",No,No
CHAIN_002,Obesity → Type 2 Diabetes → Diabetic Kidney Disease → Chronic Kidney Disease → Kidney Failure,4,5,Chronic Kidney Disease,Kidney Failure,3,12.0,Hyperglycemia → glomerular hyperfiltration → proteinuria → CKD → ESRD. Seen in 40% of T2DM patients over 20 years,Nature Communications 2014; WHO chronic kidney disease trajectory,"Poor glycemic control, hypertension, family history",No,No
CHAIN_002,Obesity → Type 2 Diabetes → Diabetic Kidney Disease → Chronic Kidney Disease → Kidney Failure,5,5,Kidney Failure,End of trajectory,—,15.0,Hyperglycemia → glomerular hyperfiltration → proteinuria → CKD → ESRD. Seen in 40% of T2DM patients over 20 years,Nature Communications 2014; WHO chronic kidney disease trajectory,"Poor glycemic control, hypertension, family history",No,Yes
CHAIN_003,Obesity → Hypertension → Hypertensive Heart Disease → Heart Block → Atrial Fibrillation,1,5,Obesity,Hypertension,4,0.0,Excess adiposity raises BP → left ventricular hypertrophy → conduction system fibrosis → arrhythmia,Lancet Digital Health multimorbidity study 2022,"Male sex, age>50, alcohol use, sleep apnea",Yes,No
CHAIN_003,Obesity → Hypertension → Hypertensive Heart Disease → Heart Block → Atrial Fibrillation,2,5,Hypertension,Hypertensive Heart Disease,5,4.0,Excess adiposity raises BP → left ventricular hypertrophy → conduction system fibrosis → arrhythmia,Lancet Digital Health multimorbidity study 2022,"Male sex, age>50, alcohol use, sleep apnea",No,No
CHAIN_003,Obesity → Hypertension → Hypertensive Heart Disease → Heart Block → Atrial Fibrillation,3,5,Hypertensive Heart Disease,Heart Block,3,9.0,Excess adiposity raises BP → left ventricular hypertrophy → conduction system fibrosis → arrhythmia,Lancet Digital Health multimorbidity study 2022,"Male sex, age>50, alcohol use, sleep apnea",No,No
CHAIN_003,Obesity → Hypertension → Hypertensive Heart Disease → Heart Block → Atrial Fibrillation,4,5,Heart Block,Atrial Fibrillation,2,12.0,Excess adiposity raises BP → left ventricular hypertrophy → conduction system fibrosis → arrhythmia,Lancet Digital Health multimorbidity study 2022,"Male sex, age>50, alcohol use, sleep apnea",No,No
CHAIN_003,Obesity → Hypertension → Hypertensive Heart Disease → Heart Block → Atrial Fibrillation,5,5,Atrial Fibrillation,End of trajectory,—,14.0,Excess adiposity raises BP → left ventricular hypertrophy → conduction system fibrosis → arrhythmia,Lancet Digital Health multimorbidity study 2022,"Male sex, age>50, alcohol use, sleep apnea",No,Yes
CHAIN_004,Obesity → Nonalcoholic Liver Disease (NASH) → Cirrhosis → Liver Cancer,1,4,Obesity,Nonalcoholic Liver Disease (NASH),5,0.0,Hepatic steatosis from fat accumulation → NASH → hepatic fibrosis → cirrhosis → hepatocellular carcinoma,PMC sequential pattern mining study 2025,"Alcohol use, T2DM, metabolic syndrome",Yes,No
CHAIN_004,Obesity → Nonalcoholic Liver Disease (NASH) → Cirrhosis → Liver Cancer,2,4,Nonalcoholic Liver Disease (NASH),Cirrhosis,8,5.0,Hepatic steatosis from fat accumulation → NASH → hepatic fibrosis → cirrhosis → hepatocellular carcinoma,PMC sequential pattern mining study 2025,"Alcohol use, T2DM, metabolic syndrome",No,No
CHAIN_004,Obesity → Nonalcoholic Liver Disease (NASH) → Cirrhosis → Liver Cancer,3,4,Cirrhosis,Liver Cancer,6,13.0,Hepatic steatosis from fat accumulation → NASH → hepatic fibrosis → cirrhosis → hepatocellular carcinoma,PMC sequential pattern mining study 2025,"Alcohol use, T2DM, metabolic syndrome",No,No
CHAIN_004,Obesity → Nonalcoholic Liver Disease (NASH) → Cirrhosis → Liver Cancer,4,4,Liver Cancer,End of trajectory,—,19.0,Hepatic steatosis from fat accumulation → NASH → hepatic fibrosis → cirrhosis → hepatocellular carcinoma,PMC sequential pattern mining study 2025,"Alcohol use, T2DM, metabolic syndrome",No,Yes
CHAIN_005,Influenza → Pneumonia → Atelectasis → Pulmonary Fibrosis,1,4,Influenza (Flu),Pneumonia,0.1,0.0,Viral pneumonitis → bacterial superinfection → lung collapse → irreversible fibrotic scarring,WHO global respiratory disease trajectories; PMID:35306857,"Immunosuppression, elderly, smokers, unvaccinated",Yes,No
CHAIN_005,Influenza → Pneumonia → Atelectasis → Pulmonary Fibrosis,2,4,Pneumonia,Atelectasis,1,0.1,Viral pneumonitis → bacterial superinfection → lung collapse → irreversible fibrotic scarring,WHO global respiratory disease trajectories; PMID:35306857,"Immunosuppression, elderly, smokers, unvaccinated",No,No
CHAIN_005,Influenza → Pneumonia → Atelectasis → Pulmonary Fibrosis,3,4,Atelectasis,Pulmonary Fibrosis,3,1.1,Viral pneumonitis → bacterial superinfection → lung collapse → irreversible fibrotic scarring,WHO global respiratory disease trajectories; PMID:35306857,"Immunosuppression, elderly, smokers, unvaccinated",No,No
CHAIN_005,Influenza → Pneumonia → Atelectasis → Pulmonary Fibrosis,4,4,Pulmonary Fibrosis,End of trajectory,—,4.1,Viral pneumonitis → bacterial superinfection → lung collapse → irreversible fibrotic scarring,WHO global respiratory disease trajectories; PMID:35306857,"Immunosuppression, elderly, smokers, unvaccinated",No,Yes
CHAIN_006,Malaria → Anemia → Anemia of Chronic Disease → Kidney Failure,1,4,Malaria,Anemia,0.2,0.0,Plasmodium hemolysis → chronic anemia → erythropoietin deficiency from renal inflammation → CKD progression,Sub-Saharan Africa comorbidity studies; WHO Kenya disease burden data,"Repeated malaria episodes, sickle cell trait, malnutrition",Yes,No
CHAIN_006,Malaria → Anemia → Anemia of Chronic Disease → Kidney Failure,2,4,Anemia,Anemia of Chronic Disease,2,0.2,Plasmodium hemolysis → chronic anemia → erythropoietin deficiency from renal inflammation → CKD progression,Sub-Saharan Africa comorbidity studies; WHO Kenya disease burden data,"Repeated malaria episodes, sickle cell trait, malnutrition",No,No
CHAIN_006,Malaria → Anemia → Anemia of Chronic Disease → Kidney Failure,3,4,Anemia of Chronic Disease,Kidney Failure,5,2.2,Plasmodium hemolysis → chronic anemia → erythropoietin deficiency from renal inflammation → CKD progression,Sub-Saharan Africa comorbidity studies; WHO Kenya disease burden data,"Repeated malaria episodes, sickle cell trait, malnutrition",No,No
CHAIN_006,Malaria → Anemia → Anemia of Chronic Disease → Kidney Failure,4,4,Kidney Failure,End of trajectory,—,7.2,Plasmodium hemolysis → chronic anemia → erythropoietin deficiency from renal inflammation → CKD progression,Sub-Saharan Africa comorbidity studies; WHO Kenya disease burden data,"Repeated malaria episodes, sickle cell trait, malnutrition",No,Yes
CHAIN_007,Pharyngitis → Scarlet Fever → Chronic Rheumatic Fever → Mitral Valve Disease,1,4,Pharyngitis,Scarlet Fever,0.1,0.0,Group A Strep throat → toxin-mediated scarlet fever → molecular mimicry inflames heart valves → permanent valve damage,WHO rheumatic heart disease Africa burden; classic cardiology trajectory,"Age 5-15, poverty, overcrowding, untreated strep",Yes,No
CHAIN_007,Pharyngitis → Scarlet Fever → Chronic Rheumatic Fever → Mitral Valve Disease,2,4,Scarlet Fever,Chronic Rheumatic Fever,0.5,0.1,Group A Strep throat → toxin-mediated scarlet fever → molecular mimicry inflames heart valves → permanent valve damage,WHO rheumatic heart disease Africa burden; classic cardiology trajectory,"Age 5-15, poverty, overcrowding, untreated strep",No,No
CHAIN_007,Pharyngitis → Scarlet Fever → Chronic Rheumatic Fever → Mitral Valve Disease,3,4,Chronic Rheumatic Fever,Mitral Valve Disease,5,0.6,Group A Strep throat → toxin-mediated scarlet fever → molecular mimicry inflames heart valves → permanent valve damage,WHO rheumatic heart disease Africa burden; classic cardiology trajectory,"Age 5-15, poverty, overcrowding, untreated strep",No,No
CHAIN_007,Pharyngitis → Scarlet Fever → Chronic Rheumatic Fever → Mitral Valve Disease,4,4,Mitral Valve Disease,End of trajectory,—,5.6,Group A Strep throat → toxin-mediated scarlet fever → molecular mimicry inflames heart valves → permanent valve damage,WHO rheumatic heart disease Africa burden; classic cardiology trajectory,"Age 5-15, poverty, overcrowding, untreated strep",No,Yes
CHAIN_008,UTI → Pyelonephritis → Chronic Kidney Disease → Anemia due to Chronic Kidney Disease,1,4,Urinary Tract Infection (UTI),Pyelonephritis,0.2,0.0,Ascending bacterial infection → renal parenchymal scarring → reduced nephrons → CKD → reduced EPO → anemia,PMID:35306857 cSPADE comorbidity patterns,"Female sex, catheter use, structural urinary anomalies, diabetes",Yes,No
CHAIN_008,UTI → Pyelonephritis → Chronic Kidney Disease → Anemia due to Chronic Kidney Disease,2,4,Pyelonephritis,Chronic Kidney Disease,3,0.2,Ascending bacterial infection → renal parenchymal scarring → reduced nephrons → CKD → reduced EPO → anemia,PMID:35306857 cSPADE comorbidity patterns,"Female sex, catheter use, structural urinary anomalies, diabetes",No,No
CHAIN_008,UTI → Pyelonephritis → Chronic Kidney Disease → Anemia due to Chronic Kidney Disease,3,4,Chronic Kidney Disease,Anemia due to Chronic Kidney Disease,4,3.2,Ascending bacterial infection → renal parenchymal scarring → reduced nephrons → CKD → reduced EPO → anemia,PMID:35306857 cSPADE comorbidity patterns,"Female sex, catheter use, structural urinary anomalies, diabetes",No,No
CHAIN_008,UTI → Pyelonephritis → Chronic Kidney Disease → Anemia due to Chronic Kidney Disease,4,4,Anemia due to Chronic Kidney Disease,End of trajectory,—,7.2,Ascending bacterial infection → renal parenchymal scarring → reduced nephrons → CKD → reduced EPO → anemia,PMID:35306857 cSPADE comorbidity patterns,"Female sex, catheter use, structural urinary anomalies, diabetes",No,Yes
CHAIN_009,Hepatitis due to a Toxin → Cirrhosis → Esophageal Varices → Gastrointestinal Hemorrhage,1,4,Hepatitis due to a Toxin,Cirrhosis,2,0.0,Toxic liver injury → portal hypertension from fibrosis → varices form → rupture and bleed,Denmark disease trajectory browser; gastroenterology clinical guidelines,"Alcohol use disorder, aflatoxin exposure, herbal medicine toxicity",Yes,No
CHAIN_009,Hepatitis due to a Toxin → Cirrhosis → Esophageal Varices → Gastrointestinal Hemorrhage,2,4,Cirrhosis,Esophageal Varices,5,2.0,Toxic liver injury → portal hypertension from fibrosis → varices form → rupture and bleed,Denmark disease trajectory browser; gastroenterology clinical guidelines,"Alcohol use disorder, aflatoxin exposure, herbal medicine toxicity",No,No
CHAIN_009,Hepatitis due to a Toxin → Cirrhosis → Esophageal Varices → Gastrointestinal Hemorrhage,3,4,Esophageal Varices,Gastrointestinal Hemorrhage,2,7.0,Toxic liver injury → portal hypertension from fibrosis → varices form → rupture and bleed,Denmark disease trajectory browser; gastroenterology clinical guidelines,"Alcohol use disorder, aflatoxin exposure, herbal medicine toxicity",No,No
CHAIN_009,Hepatitis due to a Toxin → Cirrhosis → Esophageal Varices → Gastrointestinal Hemorrhage,4,4,Gastrointestinal Hemorrhage,End of trajectory,—,9.0,Toxic liver injury → portal hypertension from fibrosis → varices form → rupture and bleed,Denmark disease trajectory browser; gastroenterology clinical guidelines,"Alcohol use disorder, aflatoxin exposure, herbal medicine toxicity",No,Yes
CHAIN_010,Asthma → Emphysema → Pulmonary Congestion → Pulmonary Fibrosis,1,4,Asthma,Emphysema,8,0.0,Chronic airway inflammation → alveolar destruction → fluid buildup → progressive irreversible scarring,Nature Communications COPD trajectory cluster; Denmark DTB,"Smoking, biomass fuel exposure, occupational dust, uncontrolled asthma",Yes,No
CHAIN_010,Asthma → Emphysema → Pulmonary Congestion → Pulmonary Fibrosis,2,4,Emphysema,Pulmonary Congestion,5,8.0,Chronic airway inflammation → alveolar destruction → fluid buildup → progressive irreversible scarring,Nature Communications COPD trajectory cluster; Denmark DTB,"Smoking, biomass fuel exposure, occupational dust, uncontrolled asthma",No,No
CHAIN_010,Asthma → Emphysema → Pulmonary Congestion → Pulmonary Fibrosis,3,4,Pulmonary Congestion,Pulmonary Fibrosis,4,13.0,Chronic airway inflammation → alveolar destruction → fluid buildup → progressive irreversible scarring,Nature Communications COPD trajectory cluster; Denmark DTB,"Smoking, biomass fuel exposure, occupational dust, uncontrolled asthma",No,No
CHAIN_010,Asthma → Emphysema → Pulmonary Congestion → Pulmonary Fibrosis,4,4,Pulmonary Fibrosis,End of trajectory,—,17.0,Chronic airway inflammation → alveolar destruction → fluid buildup → progressive irreversible scarring,Nature Communications COPD trajectory cluster; Denmark DTB,"Smoking, biomass fuel exposure, occupational dust, uncontrolled asthma",No,Yes
CHAIN_011,Bronchitis → Asthma → Emphysema → Pulmonary Fibrosis,1,4,Bronchitis,Asthma,2,0.0,Recurrent airway inflammation sensitizes airways → fixed obstruction → emphysematous changes → fibrosis,Denmark 6.2M patient COPD trajectory cluster,"Indoor smoke, tobacco, viral infections, air pollution",Yes,No
CHAIN_011,Bronchitis → Asthma → Emphysema → Pulmonary Fibrosis,2,4,Asthma,Emphysema,6,2.0,Recurrent airway inflammation sensitizes airways → fixed obstruction → emphysematous changes → fibrosis,Denmark 6.2M patient COPD trajectory cluster,"Indoor smoke, tobacco, viral infections, air pollution",No,No
CHAIN_011,Bronchitis → Asthma → Emphysema → Pulmonary Fibrosis,3,4,Emphysema,Pulmonary Fibrosis,5,8.0,Recurrent airway inflammation sensitizes airways → fixed obstruction → emphysematous changes → fibrosis,Denmark 6.2M patient COPD trajectory cluster,"Indoor smoke, tobacco, viral infections, air pollution",No,No
CHAIN_011,Bronchitis → Asthma → Emphysema → Pulmonary Fibrosis,4,4,Pulmonary Fibrosis,End of trajectory,—,13.0,Recurrent airway inflammation sensitizes airways → fixed obstruction → emphysematous changes → fibrosis,Denmark 6.2M patient COPD trajectory cluster,"Indoor smoke, tobacco, viral infections, air pollution",No,Yes
CHAIN_012,Hypercholesterolemia → Coronary Atherosclerosis → Hypertensive Heart Disease → Atrial Fibrillation → Stroke,1,5,Hypercholesterolemia,Coronary Atherosclerosis,5,0.0,LDL plaque builds in coronaries → cardiac remodeling → electrical instability → cardioembolic stroke,ScienceDirect comorbidity Japan elderly study 2025; Denmark DTB,"Male, age>50, smoking, diabetes, family history",Yes,No
CHAIN_012,Hypercholesterolemia → Coronary Atherosclerosis → Hypertensive Heart Disease → Atrial Fibrillation → Stroke,2,5,Coronary Atherosclerosis,Hypertensive Heart Disease,6,5.0,LDL plaque builds in coronaries → cardiac remodeling → electrical instability → cardioembolic stroke,ScienceDirect comorbidity Japan elderly study 2025; Denmark DTB,"Male, age>50, smoking, diabetes, family history",No,No
CHAIN_012,Hypercholesterolemia → Coronary Atherosclerosis → Hypertensive Heart Disease → Atrial Fibrillation → Stroke,3,5,Hypertensive Heart Disease,Atrial Fibrillation,3,11.0,LDL plaque builds in coronaries → cardiac remodeling → electrical instability → cardioembolic stroke,ScienceDirect comorbidity Japan elderly study 2025; Denmark DTB,"Male, age>50, smoking, diabetes, family history",No,No
CHAIN_012,Hypercholesterolemia → Coronary Atherosclerosis → Hypertensive Heart Disease → Atrial Fibrillation → Stroke,4,5,Atrial Fibrillation,Stroke,2,14.0,LDL plaque builds in coronaries → cardiac remodeling → electrical instability → cardioembolic stroke,ScienceDirect comorbidity Japan elderly study 2025; Denmark DTB,"Male, age>50, smoking, diabetes, family history",No,No
CHAIN_012,Hypercholesterolemia → Coronary Atherosclerosis → Hypertensive Heart Disease → Atrial Fibrillation → Stroke,5,5,Stroke,End of trajectory,—,16.0,LDL plaque builds in coronaries → cardiac remodeling → electrical instability → cardioembolic stroke,ScienceDirect comorbidity Japan elderly study 2025; Denmark DTB,"Male, age>50, smoking, diabetes, family history",No,Yes
CHAIN_013,Hypertension → Stroke → Vascular Dementia pathway (Neuralgia),1,4,Hypertension,Stroke,7,0.0,Chronic high BP damages cerebral vasculature → ischemic event → TIA recurrence → neuropathic pain from nerve ischemia,PMC 2025 sequential comorbidity; Lancet Digital Health 2022,"Uncontrolled BP, smoking, atrial fibrillation, elderly",Yes,No
CHAIN_013,Hypertension → Stroke → Vascular Dementia pathway (Neuralgia),2,4,Stroke,Transient ischemic attack,1,7.0,Chronic high BP damages cerebral vasculature → ischemic event → TIA recurrence → neuropathic pain from nerve ischemia,PMC 2025 sequential comorbidity; Lancet Digital Health 2022,"Uncontrolled BP, smoking, atrial fibrillation, elderly",No,No
CHAIN_013,Hypertension → Stroke → Vascular Dementia pathway (Neuralgia),3,4,Transient ischemic attack,Neuralgia,2,8.0,Chronic high BP damages cerebral vasculature → ischemic event → TIA recurrence → neuropathic pain from nerve ischemia,PMC 2025 sequential comorbidity; Lancet Digital Health 2022,"Uncontrolled BP, smoking, atrial fibrillation, elderly",No,No
CHAIN_013,Hypertension → Stroke → Vascular Dementia pathway (Neuralgia),4,4,Neuralgia,End of trajectory,—,10.0,Chronic high BP damages cerebral vasculature → ischemic event → TIA recurrence → neuropathic pain from nerve ischemia,PMC 2025 sequential comorbidity; Lancet Digital Health 2022,"Uncontrolled BP, smoking, atrial fibrillation, elderly",No,Yes
CHAIN_014,Hashimoto Thyroiditis → Hypothyroidism → Hypercholesterolemia → Coronary Atherosclerosis,1,4,Hashimoto Thyroiditis,Hypothyroidism,3,0.0,Autoimmune thyroid destruction → low T3/T4 → impaired lipid metabolism → LDL elevation → atherosclerosis,Endocrine comorbidity studies; Denmark DTB thyroid cluster,"Female sex, age>40, family history of autoimmune disease",Yes,No
CHAIN_014,Hashimoto Thyroiditis → Hypothyroidism → Hypercholesterolemia → Coronary Atherosclerosis,2,4,Hypothyroidism,Hypercholesterolemia,4,3.0,Autoimmune thyroid destruction → low T3/T4 → impaired lipid metabolism → LDL elevation → atherosclerosis,Endocrine comorbidity studies; Denmark DTB thyroid cluster,"Female sex, age>40, family history of autoimmune disease",No,No
CHAIN_014,Hashimoto Thyroiditis → Hypothyroidism → Hypercholesterolemia → Coronary Atherosclerosis,3,4,Hypercholesterolemia,Coronary Atherosclerosis,6,7.0,Autoimmune thyroid destruction → low T3/T4 → impaired lipid metabolism → LDL elevation → atherosclerosis,Endocrine comorbidity studies; Denmark DTB thyroid cluster,"Female sex, age>40, family history of autoimmune disease",No,No
CHAIN_014,Hashimoto Thyroiditis → Hypothyroidism → Hypercholesterolemia → Coronary Atherosclerosis,4,4,Coronary Atherosclerosis,End of trajectory,—,13.0,Autoimmune thyroid destruction → low T3/T4 → impaired lipid metabolism → LDL elevation → atherosclerosis,Endocrine comorbidity studies; Denmark DTB thyroid cluster,"Female sex, age>40, family history of autoimmune disease",No,Yes
CHAIN_015,Gestational Diabetes → Type 2 Diabetes → Hypertension → Chronic Kidney Disease,1,4,Gestational Diabetes,Type 2 Diabetes,5,0.0,Insulin resistance in pregnancy predicts future T2DM; metabolic damage cascades to renal involvement,PMID:35306857; WHO maternal health comorbidity studies,"Obesity, family history of DM, age>30, multiple pregnancies",Yes,No
CHAIN_015,Gestational Diabetes → Type 2 Diabetes → Hypertension → Chronic Kidney Disease,2,4,Type 2 Diabetes,Hypertension,4,5.0,Insulin resistance in pregnancy predicts future T2DM; metabolic damage cascades to renal involvement,PMID:35306857; WHO maternal health comorbidity studies,"Obesity, family history of DM, age>30, multiple pregnancies",No,No
CHAIN_015,Gestational Diabetes → Type 2 Diabetes → Hypertension → Chronic Kidney Disease,3,4,Hypertension,Chronic Kidney Disease,6,9.0,Insulin resistance in pregnancy predicts future T2DM; metabolic damage cascades to renal involvement,PMID:35306857; WHO maternal health comorbidity studies,"Obesity, family history of DM, age>30, multiple pregnancies",No,No
CHAIN_015,Gestational Diabetes → Type 2 Diabetes → Hypertension → Chronic Kidney Disease,4,4,Chronic Kidney Disease,End of trajectory,—,15.0,Insulin resistance in pregnancy predicts future T2DM; metabolic damage cascades to renal involvement,PMID:35306857; WHO maternal health comorbidity studies,"Obesity, family history of DM, age>30, multiple pregnancies",No,Yes
CHAIN_016,Anxiety → Alcohol Use Disorder → Cirrhosis → Hepatic Encephalopathy,1,4,Anxiety,Alcohol Use Disorder,2,0.0,Anxiety drives self-medication with alcohol → chronic hepatotoxicity → cirrhosis → ammonia accumulation → brain dysfunction,PMC 2025 cSPADE mental health patterns; WHO alcohol-liver trajectory,"Male sex, trauma history, social isolation, poor coping",Yes,No
CHAIN_016,Anxiety → Alcohol Use Disorder → Cirrhosis → Hepatic Encephalopathy,2,4,Alcohol Use Disorder,Cirrhosis,8,2.0,Anxiety drives self-medication with alcohol → chronic hepatotoxicity → cirrhosis → ammonia accumulation → brain dysfunction,PMC 2025 cSPADE mental health patterns; WHO alcohol-liver trajectory,"Male sex, trauma history, social isolation, poor coping",No,No
CHAIN_016,Anxiety → Alcohol Use Disorder → Cirrhosis → Hepatic Encephalopathy,3,4,Cirrhosis,Hepatic Encephalopathy,3,10.0,Anxiety drives self-medication with alcohol → chronic hepatotoxicity → cirrhosis → ammonia accumulation → brain dysfunction,PMC 2025 cSPADE mental health patterns; WHO alcohol-liver trajectory,"Male sex, trauma history, social isolation, poor coping",No,No
CHAIN_016,Anxiety → Alcohol Use Disorder → Cirrhosis → Hepatic Encephalopathy,4,4,Hepatic Encephalopathy,End of trajectory,—,13.0,Anxiety drives self-medication with alcohol → chronic hepatotoxicity → cirrhosis → ammonia accumulation → brain dysfunction,PMC 2025 cSPADE mental health patterns; WHO alcohol-liver trajectory,"Male sex, trauma history, social isolation, poor coping",No,Yes
CHAIN_017,Depression → Obesity → Type 2 Diabetes → Diabetic retinopathy,1,4,Depression,Obesity,3,0.0,Depression causes hyperphagia and inactivity → weight gain → insulin resistance → microvascular retinal damage,Lancet Digital Health 2022 multimorbidity study,"Female sex, socioeconomic deprivation, poor mental health treatment",Yes,No
CHAIN_017,Depression → Obesity → Type 2 Diabetes → Diabetic retinopathy,2,4,Obesity,Type 2 Diabetes,4,3.0,Depression causes hyperphagia and inactivity → weight gain → insulin resistance → microvascular retinal damage,Lancet Digital Health 2022 multimorbidity study,"Female sex, socioeconomic deprivation, poor mental health treatment",No,No
CHAIN_017,Depression → Obesity → Type 2 Diabetes → Diabetic retinopathy,3,4,Type 2 Diabetes,Diabetic retinopathy,7,7.0,Depression causes hyperphagia and inactivity → weight gain → insulin resistance → microvascular retinal damage,Lancet Digital Health 2022 multimorbidity study,"Female sex, socioeconomic deprivation, poor mental health treatment",No,No
CHAIN_017,Depression → Obesity → Type 2 Diabetes → Diabetic retinopathy,4,4,Diabetic retinopathy,End of trajectory,—,14.0,Depression causes hyperphagia and inactivity → weight gain → insulin resistance → microvascular retinal damage,Lancet Digital Health 2022 multimorbidity study,"Female sex, socioeconomic deprivation, poor mental health treatment",No,Yes
CHAIN_018,Bipolar Disorder → Opioid Use Disorder → Drug Withdrawal → Seizure/Neuralgia,1,4,Bipolar Disorder,Opioid Use Disorder,3,0.0,Bipolar pain and impulsivity → opioid self-medication → dependence → withdrawal-induced neuropathic pain,SAMHDA substance use comorbidity data; PMC mental health patterns,"History of trauma, inadequate psychiatric treatment, poverty",Yes,No
CHAIN_018,Bipolar Disorder → Opioid Use Disorder → Drug Withdrawal → Seizure/Neuralgia,2,4,Opioid Use Disorder,Drug Withdrawal,2,3.0,Bipolar pain and impulsivity → opioid self-medication → dependence → withdrawal-induced neuropathic pain,SAMHDA substance use comorbidity data; PMC mental health patterns,"History of trauma, inadequate psychiatric treatment, poverty",No,No
CHAIN_018,Bipolar Disorder → Opioid Use Disorder → Drug Withdrawal → Seizure/Neuralgia,3,4,Drug Withdrawal,Neuralgia,1,5.0,Bipolar pain and impulsivity → opioid self-medication → dependence → withdrawal-induced neuropathic pain,SAMHDA substance use comorbidity data; PMC mental health patterns,"History of trauma, inadequate psychiatric treatment, poverty",No,No
CHAIN_018,Bipolar Disorder → Opioid Use Disorder → Drug Withdrawal → Seizure/Neuralgia,4,4,Neuralgia,End of trajectory,—,6.0,Bipolar pain and impulsivity → opioid self-medication → dependence → withdrawal-induced neuropathic pain,SAMHDA substance use comorbidity data; PMC mental health patterns,"History of trauma, inadequate psychiatric treatment, poverty",No,Yes
CHAIN_019,Osteoporosis → Fracture → Complex Regional Pain Syndrome → Fibromyalgia,1,4,Osteoporosis,Fracture,3,0.0,Low bone density → pathological fracture → nerve sensitization at injury site → central pain sensitization,Japan elderly comorbidity study 2025; Denmark DTB fracture trajectories,"Female, postmenopausal, calcium deficiency, steroid use",Yes,No
CHAIN_019,Osteoporosis → Fracture → Complex Regional Pain Syndrome → Fibromyalgia,2,4,Fracture,Complex Regional Pain Syndrome (CRPS),1,3.0,Low bone density → pathological fracture → nerve sensitization at injury site → central pain sensitization,Japan elderly comorbidity study 2025; Denmark DTB fracture trajectories,"Female, postmenopausal, calcium deficiency, steroid use",No,No
CHAIN_019,Osteoporosis → Fracture → Complex Regional Pain Syndrome → Fibromyalgia,3,4,Complex Regional Pain Syndrome (CRPS),Fibromyalgia,2,4.0,Low bone density → pathological fracture → nerve sensitization at injury site → central pain sensitization,Japan elderly comorbidity study 2025; Denmark DTB fracture trajectories,"Female, postmenopausal, calcium deficiency, steroid use",No,No
CHAIN_019,Osteoporosis → Fracture → Complex Regional Pain Syndrome → Fibromyalgia,4,4,Fibromyalgia,End of trajectory,—,6.0,Low bone density → pathological fracture → nerve sensitization at injury site → central pain sensitization,Japan elderly comorbidity study 2025; Denmark DTB fracture trajectories,"Female, postmenopausal, calcium deficiency, steroid use",No,Yes
CHAIN_020,Gout → Chronic Kidney Disease → Anemia due to Chronic Kidney Disease → Kidney Failure,1,4,Gout,Chronic Kidney Disease,4,0.0,Hyperuricemia deposits in kidneys → tubulointerstitial nephritis → progressive renal decline → EPO deficiency anemia → ESRD,Nature Communications gout cluster trajectory 2014; PMC 2025,"Male, age>50, diuretic use, meat-heavy diet, hypertension",Yes,No
CHAIN_020,Gout → Chronic Kidney Disease → Anemia due to Chronic Kidney Disease → Kidney Failure,2,4,Chronic Kidney Disease,Anemia due to Chronic Kidney Disease,5,4.0,Hyperuricemia deposits in kidneys → tubulointerstitial nephritis → progressive renal decline → EPO deficiency anemia → ESRD,Nature Communications gout cluster trajectory 2014; PMC 2025,"Male, age>50, diuretic use, meat-heavy diet, hypertension",No,No
CHAIN_020,Gout → Chronic Kidney Disease → Anemia due to Chronic Kidney Disease → Kidney Failure,3,4,Anemia due to Chronic Kidney Disease,Kidney Failure,4,9.0,Hyperuricemia deposits in kidneys → tubulointerstitial nephritis → progressive renal decline → EPO deficiency anemia → ESRD,Nature Communications gout cluster trajectory 2014; PMC 2025,"Male, age>50, diuretic use, meat-heavy diet, hypertension",No,No
CHAIN_020,Gout → Chronic Kidney Disease → Anemia due to Chronic Kidney Disease → Kidney Failure,4,4,Kidney Failure,End of trajectory,—,13.0,Hyperuricemia deposits in kidneys → tubulointerstitial nephritis → progressive renal decline → EPO deficiency anemia → ESRD,Nature Communications gout cluster trajectory 2014; PMC 2025,"Male, age>50, diuretic use, meat-heavy diet, hypertension",No,Yes
CHAIN_021,Rheumatoid Arthritis → Osteoporosis → Fracture of the Shoulder,1,3,Rheumatoid Arthritis,Osteoporosis,6,0.0,Chronic inflammation + steroid treatment accelerate bone loss → fragility fractures at minimal trauma,Lancet Digital Health musculoskeletal comorbidity cluster 2022,"Long-term corticosteroid use, female, low calcium intake",Yes,No
CHAIN_021,Rheumatoid Arthritis → Osteoporosis → Fracture of the Shoulder,2,3,Osteoporosis,Fracture of the Shoulder,3,6.0,Chronic inflammation + steroid treatment accelerate bone loss → fragility fractures at minimal trauma,Lancet Digital Health musculoskeletal comorbidity cluster 2022,"Long-term corticosteroid use, female, low calcium intake",No,No
CHAIN_021,Rheumatoid Arthritis → Osteoporosis → Fracture of the Shoulder,3,3,Fracture of the Shoulder,End of trajectory,—,9.0,Chronic inflammation + steroid treatment accelerate bone loss → fragility fractures at minimal trauma,Lancet Digital Health musculoskeletal comorbidity cluster 2022,"Long-term corticosteroid use, female, low calcium intake",No,Yes
CHAIN_022,Chronic Sinusitis → Head and Neck Cancer → Lymphoma,1,3,Chronic Sinusitis,Head and Neck Cancer,10,0.0,Chronic mucosal inflammation from sinusitis creates carcinogenic microenvironment → squamous cell carcinoma → lymphatic spread,PMC oncology comorbidity data; WHO ENT cancer trajectories,"Smoking, HPV infection, alcohol use, occupational chemical exposure",Yes,No
CHAIN_022,Chronic Sinusitis → Head and Neck Cancer → Lymphoma,2,3,Head and Neck Cancer,Lymphoma,3,10.0,Chronic mucosal inflammation from sinusitis creates carcinogenic microenvironment → squamous cell carcinoma → lymphatic spread,PMC oncology comorbidity data; WHO ENT cancer trajectories,"Smoking, HPV infection, alcohol use, occupational chemical exposure",No,No
CHAIN_022,Chronic Sinusitis → Head and Neck Cancer → Lymphoma,3,3,Lymphoma,End of trajectory,—,13.0,Chronic mucosal inflammation from sinusitis creates carcinogenic microenvironment → squamous cell carcinoma → lymphatic spread,PMC oncology comorbidity data; WHO ENT cancer trajectories,"Smoking, HPV infection, alcohol use, occupational chemical exposure",No,Yes
CHAIN_023,Obesity → Endometrial Cancer → Lymphedema,1,3,Obesity,Endometrial Cancer,6,0.0,Excess estrogen from adipose tissue promotes endometrial proliferation → cancer → surgical/radiation lymph node damage → lymphedema,WHO female cancer trajectories; Lancet Digital Health 2022,"Postmenopausal, nulliparous, DM, PCOS",Yes,No
CHAIN_023,Obesity → Endometrial Cancer → Lymphedema,2,3,Endometrial Cancer,Lymphedema,2,6.0,Excess estrogen from adipose tissue promotes endometrial proliferation → cancer → surgical/radiation lymph node damage → lymphedema,WHO female cancer trajectories; Lancet Digital Health 2022,"Postmenopausal, nulliparous, DM, PCOS",No,No
CHAIN_023,Obesity → Endometrial Cancer → Lymphedema,3,3,Lymphedema,End of trajectory,—,8.0,Excess estrogen from adipose tissue promotes endometrial proliferation → cancer → surgical/radiation lymph node damage → lymphedema,WHO female cancer trajectories; Lancet Digital Health 2022,"Postmenopausal, nulliparous, DM, PCOS",No,Yes
CHAIN_024,Hepatitis due to a Toxin → Cirrhosis → Liver Cancer → Anemia due to Malignancy,1,4,Hepatitis due to a Toxin,Cirrhosis,3,0.0,Toxic/viral hepatocyte death → fibrosis → hepatocellular carcinoma → bone marrow suppression by tumor cytokines,China 8.5M inpatient comorbidity network; WHO HCC guidelines,"Aflatoxin, alcohol, Hepatitis B/C (endemic in East Africa)",Yes,No
CHAIN_024,Hepatitis due to a Toxin → Cirrhosis → Liver Cancer → Anemia due to Malignancy,2,4,Cirrhosis,Liver Cancer,8,3.0,Toxic/viral hepatocyte death → fibrosis → hepatocellular carcinoma → bone marrow suppression by tumor cytokines,China 8.5M inpatient comorbidity network; WHO HCC guidelines,"Aflatoxin, alcohol, Hepatitis B/C (endemic in East Africa)",No,No
CHAIN_024,Hepatitis due to a Toxin → Cirrhosis → Liver Cancer → Anemia due to Malignancy,3,4,Liver Cancer,Anemia due to Malignancy,2,11.0,Toxic/viral hepatocyte death → fibrosis → hepatocellular carcinoma → bone marrow suppression by tumor cytokines,China 8.5M inpatient comorbidity network; WHO HCC guidelines,"Aflatoxin, alcohol, Hepatitis B/C (endemic in East Africa)",No,No
CHAIN_024,Hepatitis due to a Toxin → Cirrhosis → Liver Cancer → Anemia due to Malignancy,4,4,Anemia due to Malignancy,End of trajectory,—,13.0,Toxic/viral hepatocyte death → fibrosis → hepatocellular carcinoma → bone marrow suppression by tumor cytokines,China 8.5M inpatient comorbidity network; WHO HCC guidelines,"Aflatoxin, alcohol, Hepatitis B/C (endemic in East Africa)",No,Yes
CHAIN_025,Hypertension → Intracranial Hemorrhage → Hydrocephalus → Normal Pressure Hydrocephalus,1,4,Hypertension,Intracranial Hemorrhage,8,0.0,Chronic hypertension ruptures small brain vessels → blood obstructs CSF flow → communicating hydrocephalus,Denmark DTB cerebrovascular trajectory; Japan elderly study 2025,"Uncontrolled BP, elderly, anticoagulant use",Yes,No
CHAIN_025,Hypertension → Intracranial Hemorrhage → Hydrocephalus → Normal Pressure Hydrocephalus,2,4,Intracranial Hemorrhage,Hydrocephalus,0.5,8.0,Chronic hypertension ruptures small brain vessels → blood obstructs CSF flow → communicating hydrocephalus,Denmark DTB cerebrovascular trajectory; Japan elderly study 2025,"Uncontrolled BP, elderly, anticoagulant use",No,No
CHAIN_025,Hypertension → Intracranial Hemorrhage → Hydrocephalus → Normal Pressure Hydrocephalus,3,4,Hydrocephalus,Normal Pressure Hydrocephalus,2,8.5,Chronic hypertension ruptures small brain vessels → blood obstructs CSF flow → communicating hydrocephalus,Denmark DTB cerebrovascular trajectory; Japan elderly study 2025,"Uncontrolled BP, elderly, anticoagulant use",No,No
CHAIN_025,Hypertension → Intracranial Hemorrhage → Hydrocephalus → Normal Pressure Hydrocephalus,4,4,Normal Pressure Hydrocephalus,End of trajectory,—,10.5,Chronic hypertension ruptures small brain vessels → blood obstructs CSF flow → communicating hydrocephalus,Denmark DTB cerebrovascular trajectory; Japan elderly study 2025,"Uncontrolled BP, elderly, anticoagulant use",No,Yes
CHAIN_026,Diabetes → Neuropathic Pain → Restless Leg Syndrome → Chronic Insomnia (Primary Insomnia),1,4,Type 2 Diabetes,Neuropathic Pain,6,0.0,Peripheral nerve damage from hyperglycemia → uncomfortable sensations → nocturnal leg restlessness → inability to sleep,PMC 2025 cSPADE endocrine patterns; PMID:35306857,"Poor glycemic control, iron deficiency, renal disease",Yes,No
CHAIN_026,Diabetes → Neuropathic Pain → Restless Leg Syndrome → Chronic Insomnia (Primary Insomnia),2,4,Neuropathic Pain,Restless Leg Syndrome,2,6.0,Peripheral nerve damage from hyperglycemia → uncomfortable sensations → nocturnal leg restlessness → inability to sleep,PMC 2025 cSPADE endocrine patterns; PMID:35306857,"Poor glycemic control, iron deficiency, renal disease",No,No
CHAIN_026,Diabetes → Neuropathic Pain → Restless Leg Syndrome → Chronic Insomnia (Primary Insomnia),3,4,Restless Leg Syndrome,Primary Insomnia,1,8.0,Peripheral nerve damage from hyperglycemia → uncomfortable sensations → nocturnal leg restlessness → inability to sleep,PMC 2025 cSPADE endocrine patterns; PMID:35306857,"Poor glycemic control, iron deficiency, renal disease",No,No
CHAIN_026,Diabetes → Neuropathic Pain → Restless Leg Syndrome → Chronic Insomnia (Primary Insomnia),4,4,Primary Insomnia,End of trajectory,—,9.0,Peripheral nerve damage from hyperglycemia → uncomfortable sensations → nocturnal leg restlessness → inability to sleep,PMC 2025 cSPADE endocrine patterns; PMID:35306857,"Poor glycemic control, iron deficiency, renal disease",No,Yes
CHAIN_027,Hypertension → Ocular Hypertension → Open-Angle Glaucoma → Macular Degeneration,1,4,Hypertension,Ocular Hypertension,4,0.0,Systemic hypertension raises intraocular pressure → optic nerve compression → progressive vision field loss → macular ischemia,Denmark DTB glaucoma cluster; ophthalmology comorbidity studies,"Age>60, African ancestry, family history, high myopia",Yes,No
CHAIN_027,Hypertension → Ocular Hypertension → Open-Angle Glaucoma → Macular Degeneration,2,4,Ocular Hypertension,Open-Angle Glaucoma,5,4.0,Systemic hypertension raises intraocular pressure → optic nerve compression → progressive vision field loss → macular ischemia,Denmark DTB glaucoma cluster; ophthalmology comorbidity studies,"Age>60, African ancestry, family history, high myopia",No,No
CHAIN_027,Hypertension → Ocular Hypertension → Open-Angle Glaucoma → Macular Degeneration,3,4,Open-Angle Glaucoma,Macular Degeneration,5,9.0,Systemic hypertension raises intraocular pressure → optic nerve compression → progressive vision field loss → macular ischemia,Denmark DTB glaucoma cluster; ophthalmology comorbidity studies,"Age>60, African ancestry, family history, high myopia",No,No
CHAIN_027,Hypertension → Ocular Hypertension → Open-Angle Glaucoma → Macular Degeneration,4,4,Macular Degeneration,End of trajectory,—,14.0,Systemic hypertension raises intraocular pressure → optic nerve compression → progressive vision field loss → macular ischemia,Denmark DTB glaucoma cluster; ophthalmology comorbidity studies,"Age>60, African ancestry, family history, high myopia",No,Yes
CHAIN_028,Diabetes → Diabetic retinopathy → Vitreous Hemorrhage → Retinal Detachment,1,4,Type 2 Diabetes,Diabetic retinopathy,7,0.0,Hyperglycemia → retinal neovascularization → fragile new vessels bleed → vitreous fills with blood → traction on retina → detachment,WHO diabetic eye disease trajectory; Denmark DTB,"Duration of DM>10yrs, HbA1c>9%, hypertension, smoker",Yes,No
CHAIN_028,Diabetes → Diabetic retinopathy → Vitreous Hemorrhage → Retinal Detachment,2,4,Diabetic retinopathy,Vitreous Hemorrhage,2,7.0,Hyperglycemia → retinal neovascularization → fragile new vessels bleed → vitreous fills with blood → traction on retina → detachment,WHO diabetic eye disease trajectory; Denmark DTB,"Duration of DM>10yrs, HbA1c>9%, hypertension, smoker",No,No
CHAIN_028,Diabetes → Diabetic retinopathy → Vitreous Hemorrhage → Retinal Detachment,3,4,Vitreous Hemorrhage,Retinal Detachment,1,9.0,Hyperglycemia → retinal neovascularization → fragile new vessels bleed → vitreous fills with blood → traction on retina → detachment,WHO diabetic eye disease trajectory; Denmark DTB,"Duration of DM>10yrs, HbA1c>9%, hypertension, smoker",No,No
CHAIN_028,Diabetes → Diabetic retinopathy → Vitreous Hemorrhage → Retinal Detachment,4,4,Retinal Detachment,End of trajectory,—,10.0,Hyperglycemia → retinal neovascularization → fragile new vessels bleed → vitreous fills with blood → traction on retina → detachment,WHO diabetic eye disease trajectory; Denmark DTB,"Duration of DM>10yrs, HbA1c>9%, hypertension, smoker",No,Yes
CHAIN_029,Psoriasis → Arthritis → Osteoporosis → Fracture,1,4,Psoriasis,Arthritis,5,0.0,Systemic psoriatic inflammation → joint erosion (psoriatic arthritis) → steroid treatment causes bone loss → fracture,Lancet Digital Health 2022 immune-musculoskeletal cluster,"Male sex, HLA-B27, corticosteroid use, low vitamin D",Yes,No
CHAIN_029,Psoriasis → Arthritis → Osteoporosis → Fracture,2,4,Arthritis,Osteoporosis,6,5.0,Systemic psoriatic inflammation → joint erosion (psoriatic arthritis) → steroid treatment causes bone loss → fracture,Lancet Digital Health 2022 immune-musculoskeletal cluster,"Male sex, HLA-B27, corticosteroid use, low vitamin D",No,No
CHAIN_029,Psoriasis → Arthritis → Osteoporosis → Fracture,3,4,Osteoporosis,Fracture,3,11.0,Systemic psoriatic inflammation → joint erosion (psoriatic arthritis) → steroid treatment causes bone loss → fracture,Lancet Digital Health 2022 immune-musculoskeletal cluster,"Male sex, HLA-B27, corticosteroid use, low vitamin D",No,No
CHAIN_029,Psoriasis → Arthritis → Osteoporosis → Fracture,4,4,Fracture,End of trajectory,—,14.0,Systemic psoriatic inflammation → joint erosion (psoriatic arthritis) → steroid treatment causes bone loss → fracture,Lancet Digital Health 2022 immune-musculoskeletal cluster,"Male sex, HLA-B27, corticosteroid use, low vitamin D",No,Yes
CHAIN_030,Lupus → Chronic Kidney Disease → Anemia due to Chronic Kidney Disease → Kidney Failure,1,4,Lupus,Chronic Kidney Disease,3,0.0,Autoimmune complex deposition in glomeruli (lupus nephritis) → progressive renal scarring → EPO deficiency → ESRD,Lupus nephritis WHO trajectory; PMID:35306857,"Female, African ancestry, young onset lupus, high anti-dsDNA",Yes,No
CHAIN_030,Lupus → Chronic Kidney Disease → Anemia due to Chronic Kidney Disease → Kidney Failure,2,4,Chronic Kidney Disease,Anemia due to Chronic Kidney Disease,5,3.0,Autoimmune complex deposition in glomeruli (lupus nephritis) → progressive renal scarring → EPO deficiency → ESRD,Lupus nephritis WHO trajectory; PMID:35306857,"Female, African ancestry, young onset lupus, high anti-dsDNA",No,No
CHAIN_030,Lupus → Chronic Kidney Disease → Anemia due to Chronic Kidney Disease → Kidney Failure,3,4,Anemia due to Chronic Kidney Disease,Kidney Failure,4,8.0,Autoimmune complex deposition in glomeruli (lupus nephritis) → progressive renal scarring → EPO deficiency → ESRD,Lupus nephritis WHO trajectory; PMID:35306857,"Female, African ancestry, young onset lupus, high anti-dsDNA",No,No
CHAIN_030,Lupus → Chronic Kidney Disease → Anemia due to Chronic Kidney Disease → Kidney Failure,4,4,Kidney Failure,End of trajectory,—,12.0,Autoimmune complex deposition in glomeruli (lupus nephritis) → progressive renal scarring → EPO deficiency → ESRD,Lupus nephritis WHO trajectory; PMID:35306857,"Female, African ancestry, young onset lupus, high anti-dsDNA",No,Yes
CHAIN_031,Malaria → Anemia → Anemia due to Chronic Disease → Chronic Fatigue Syndrome,1,4,Malaria,Anemia,0.5,0.0,Repeated hemolysis → chronic low hemoglobin → oxygen deprivation to tissues → post-infectious fatigue syndrome,Sub-Saharan Africa disease burden; WHO Kenya malaria comorbidity data,"Children under 5, pregnant women, sickle cell trait, highlands Kenya",Yes,No
CHAIN_031,Malaria → Anemia → Anemia due to Chronic Disease → Chronic Fatigue Syndrome,2,4,Anemia,Anemia of Chronic Disease,1,0.5,Repeated hemolysis → chronic low hemoglobin → oxygen deprivation to tissues → post-infectious fatigue syndrome,Sub-Saharan Africa disease burden; WHO Kenya malaria comorbidity data,"Children under 5, pregnant women, sickle cell trait, highlands Kenya",No,No
CHAIN_031,Malaria → Anemia → Anemia due to Chronic Disease → Chronic Fatigue Syndrome,3,4,Anemia of Chronic Disease,Chronic Fatigue Syndrome,2,1.5,Repeated hemolysis → chronic low hemoglobin → oxygen deprivation to tissues → post-infectious fatigue syndrome,Sub-Saharan Africa disease burden; WHO Kenya malaria comorbidity data,"Children under 5, pregnant women, sickle cell trait, highlands Kenya",No,No
CHAIN_031,Malaria → Anemia → Anemia due to Chronic Disease → Chronic Fatigue Syndrome,4,4,Chronic Fatigue Syndrome,End of trajectory,—,3.5,Repeated hemolysis → chronic low hemoglobin → oxygen deprivation to tissues → post-infectious fatigue syndrome,Sub-Saharan Africa disease burden; WHO Kenya malaria comorbidity data,"Children under 5, pregnant women, sickle cell trait, highlands Kenya",No,Yes
CHAIN_032,Dengue Fever → Thrombocytopenia → Coagulation (Bleeding) Disorder → Intracranial Hemorrhage,1,4,Dengue Fever,Thrombocytopenia,0.05,0.0,Dengue virus suppresses platelet production → severe thrombocytopenia → clotting failure → spontaneous brain bleed,WHO dengue severity classification; East Africa dengue comorbidity,"Second dengue infection (ADE), elderly, anti-platelet medication",Yes,No
CHAIN_032,Dengue Fever → Thrombocytopenia → Coagulation (Bleeding) Disorder → Intracranial Hemorrhage,2,4,Thrombocytopenia,Coagulation (Bleeding) Disorder,0.1,0.05,Dengue virus suppresses platelet production → severe thrombocytopenia → clotting failure → spontaneous brain bleed,WHO dengue severity classification; East Africa dengue comorbidity,"Second dengue infection (ADE), elderly, anti-platelet medication",No,No
CHAIN_032,Dengue Fever → Thrombocytopenia → Coagulation (Bleeding) Disorder → Intracranial Hemorrhage,3,4,Coagulation (Bleeding) Disorder,Intracranial Hemorrhage,0.1,0.15,Dengue virus suppresses platelet production → severe thrombocytopenia → clotting failure → spontaneous brain bleed,WHO dengue severity classification; East Africa dengue comorbidity,"Second dengue infection (ADE), elderly, anti-platelet medication",No,No
CHAIN_032,Dengue Fever → Thrombocytopenia → Coagulation (Bleeding) Disorder → Intracranial Hemorrhage,4,4,Intracranial Hemorrhage,End of trajectory,—,0.25,Dengue virus suppresses platelet production → severe thrombocytopenia → clotting failure → spontaneous brain bleed,WHO dengue severity classification; East Africa dengue comorbidity,"Second dengue infection (ADE), elderly, anti-platelet medication",No,Yes
CHAIN_033,Leishmaniasis → Anemia → Anemia of Chronic Disease → Protein Deficiency,1,4,Leishmaniasis,Anemia,0.5,0.0,Visceral leishmaniasis destroys spleen/liver → chronic anemia → malnutrition from appetite loss → protein wasting,WHO Kenya/East Africa kala-azar endemic data,"Rural areas, sandfly exposure, malnutrition, immunosuppression",Yes,No
CHAIN_033,Leishmaniasis → Anemia → Anemia of Chronic Disease → Protein Deficiency,2,4,Anemia,Anemia of Chronic Disease,1,0.5,Visceral leishmaniasis destroys spleen/liver → chronic anemia → malnutrition from appetite loss → protein wasting,WHO Kenya/East Africa kala-azar endemic data,"Rural areas, sandfly exposure, malnutrition, immunosuppression",No,No
CHAIN_033,Leishmaniasis → Anemia → Anemia of Chronic Disease → Protein Deficiency,3,4,Anemia of Chronic Disease,Protein Deficiency,1,1.5,Visceral leishmaniasis destroys spleen/liver → chronic anemia → malnutrition from appetite loss → protein wasting,WHO Kenya/East Africa kala-azar endemic data,"Rural areas, sandfly exposure, malnutrition, immunosuppression",No,No
CHAIN_033,Leishmaniasis → Anemia → Anemia of Chronic Disease → Protein Deficiency,4,4,Protein Deficiency,End of trajectory,—,2.5,Visceral leishmaniasis destroys spleen/liver → chronic anemia → malnutrition from appetite loss → protein wasting,WHO Kenya/East Africa kala-azar endemic data,"Rural areas, sandfly exposure, malnutrition, immunosuppression",No,Yes
